<?xml version="1.0" standalone="yes"?>
<OperationsBaseData>
  <Sales>
    <Date>2009-08-07T00:00:00.0000000</Date>
    <Flavor>Caramel</Flavor>
    <Inventory>150</Inventory>
  </Sales>
  <Sales>
    <Date>2009-08-07T00:00:00.0000000</Date>
    <Flavor>Cherry</Flavor>
    <Inventory>143</Inventory>
  </Sales>
  <Sales>
    <Date>2009-08-07T00:00:00.0000000</Date>
    <Flavor>Chocolate</Flavor>
    <Inventory>132</Inventory>
  </Sales>
  <Sales>
    <Date>2009-08-07T00:00:00.0000000</Date>
    <Flavor>Coffee</Flavor>
    <Inventory>144</Inventory>
  </Sales>
  <Sales>
    <Date>2009-08-07T00:00:00.0000000</Date>
    <Flavor>Lemon Sherbet</Flavor>
    <Inventory>151</Inventory>
  </Sales>
  <Sales>
    <Date>2009-08-07T00:00:00.0000000</Date>
    <Flavor>Mango</Flavor>
    <Inventory>132</Inventory>
  </Sales>
  <Sales>
    <Date>2009-08-07T00:00:00.0000000</Date>
    <Flavor>Orange Sherbet</Flavor>
    <Inventory>130</Inventory>
  </Sales>
  <Sales>
    <Date>2009-08-07T00:00:00.0000000</Date>
    <Flavor>Raspberry </Flavor>
    <Inventory>128</Inventory>
  </Sales>
  <Sales>
    <Date>2009-08-07T00:00:00.0000000</Date>
    <Flavor>Strawberry</Flavor>
    <Inventory>139</Inventory>
  </Sales>
  <Sales>
    <Date>2009-08-07T00:00:00.0000000</Date>
    <Flavor>Vanilla</Flavor>
    <Inventory>138</Inventory>
  </Sales>
  <Sales>
    <Date>2009-08-08T00:00:00.0000000</Date>
    <Flavor>Caramel</Flavor>
    <Inventory>121</Inventory>
    <Sold>29</Sold>
    <Profit>89.8999939</Profit>
  </Sales>
  <Sales>
    <Date>2009-08-08T00:00:00.0000000</Date>
    <Flavor>Cherry</Flavor>
    <Inventory>112</Inventory>
    <Sold>31</Sold>
    <Profit>77.5</Profit>
  </Sales>
  <Sales>
    <Date>2009-08-08T00:00:00.0000000</Date>
    <Flavor>Chocolate</Flavor>
    <Inventory>120</Inventory>
    <Sold>12</Sold>
    <Profit>40.8000031</Profit>
  </Sales>
  <Sales>
    <Date>2009-08-08T00:00:00.0000000</Date>
    <Flavor>Coffee</Flavor>
    <Inventory>133</Inventory>
    <Sold>11</Sold>
    <Profit>29.7</Profit>
  </Sales>
  <Sales>
    <Date>2009-08-08T00:00:00.0000000</Date>
    <Flavor>Lemon Sherbet</Flavor>
    <Inventory>140</Inventory>
    <Sold>11</Sold>
    <Profit>27.5</Profit>
  </Sales>
  <Sales>
    <Date>2009-08-08T00:00:00.0000000</Date>
    <Flavor>Mango</Flavor>
    <Inventory>117</Inventory>
    <Sold>15</Sold>
    <Profit>37.5</Profit>
  </Sales>
  <Sales>
    <Date>2009-08-08T00:00:00.0000000</Date>
    <Flavor>Orange Sherbet</Flavor>
    <Inventory>110</Inventory>
    <Sold>20</Sold>
    <Profit>80</Profit>
  </Sales>
  <Sales>
    <Date>2009-08-08T00:00:00.0000000</Date>
    <Flavor>Raspberry </Flavor>
    <Inventory>119</Inventory>
    <Sold>9</Sold>
    <Profit>28.35</Profit>
  </Sales>
  <Sales>
    <Date>2009-08-08T00:00:00.0000000</Date>
    <Flavor>Strawberry</Flavor>
    <Inventory>120</Inventory>
    <Sold>19</Sold>
    <Profit>52.25</Profit>
  </Sales>
  <Sales>
    <Date>2009-08-08T00:00:00.0000000</Date>
    <Flavor>Vanilla</Flavor>
    <Inventory>121</Inventory>
    <Sold>17</Sold>
    <Profit>68</Profit>
  </Sales>
  <Sales>
    <Date>2009-08-09T00:00:00.0000000</Date>
    <Flavor>Caramel</Flavor>
    <Inventory>99</Inventory>
    <Sold>22</Sold>
    <Profit>68.2</Profit>
  </Sales>
  <Sales>
    <Date>2009-08-09T00:00:00.0000000</Date>
    <Flavor>Cherry</Flavor>
    <Inventory>97</Inventory>
    <Sold>15</Sold>
    <Profit>37.5</Profit>
  </Sales>
  <Sales>
    <Date>2009-08-09T00:00:00.0000000</Date>
    <Flavor>Chocolate</Flavor>
    <Inventory>95</Inventory>
    <Sold>25</Sold>
    <Profit>85</Profit>
  </Sales>
  <Sales>
    <Date>2009-08-09T00:00:00.0000000</Date>
    <Flavor>Coffee</Flavor>
    <Inventory>112</Inventory>
    <Sold>21</Sold>
    <Profit>56.7</Profit>
  </Sales>
  <Sales>
    <Date>2009-08-09T00:00:00.0000000</Date>
    <Flavor>Lemon Sherbet</Flavor>
    <Inventory>115</Inventory>
    <Sold>25</Sold>
    <Profit>62.5</Profit>
  </Sales>
  <Sales>
    <Date>2009-08-09T00:00:00.0000000</Date>
    <Flavor>Mango</Flavor>
    <Inventory>94</Inventory>
    <Sold>23</Sold>
    <Profit>57.5</Profit>
  </Sales>
  <Sales>
    <Date>2009-08-09T00:00:00.0000000</Date>
    <Flavor>Orange Sherbet</Flavor>
    <Inventory>91</Inventory>
    <Sold>19</Sold>
    <Profit>76</Profit>
  </Sales>
  <Sales>
    <Date>2009-08-09T00:00:00.0000000</Date>
    <Flavor>Raspberry </Flavor>
    <Inventory>95</Inventory>
    <Sold>24</Sold>
    <Profit>75.6000061</Profit>
  </Sales>
  <Sales>
    <Date>2009-08-09T00:00:00.0000000</Date>
    <Flavor>Strawberry</Flavor>
    <Inventory>101</Inventory>
    <Sold>19</Sold>
    <Profit>52.25</Profit>
  </Sales>
  <Sales>
    <Date>2009-08-09T00:00:00.0000000</Date>
    <Flavor>Vanilla</Flavor>
    <Inventory>103</Inventory>
    <Sold>18</Sold>
    <Profit>72</Profit>
  </Sales>
  <Sales>
    <Date>2009-08-10T00:00:00.0000000</Date>
    <Flavor>Caramel</Flavor>
    <Inventory>71</Inventory>
    <Sold>28</Sold>
    <Profit>86.7999954</Profit>
  </Sales>
  <Sales>
    <Date>2009-08-10T00:00:00.0000000</Date>
    <Flavor>Cherry</Flavor>
    <Inventory>74</Inventory>
    <Sold>23</Sold>
    <Profit>57.5</Profit>
  </Sales>
  <Sales>
    <Date>2009-08-10T00:00:00.0000000</Date>
    <Flavor>Chocolate</Flavor>
    <Inventory>85</Inventory>
    <Sold>10</Sold>
    <Profit>34</Profit>
  </Sales>
  <Sales>
    <Date>2009-08-10T00:00:00.0000000</Date>
    <Flavor>Coffee</Flavor>
    <Inventory>89</Inventory>
    <Sold>23</Sold>
    <Profit>62.1000023</Profit>
  </Sales>
  <Sales>
    <Date>2009-08-10T00:00:00.0000000</Date>
    <Flavor>Lemon Sherbet</Flavor>
    <Inventory>90</Inventory>
    <Sold>25</Sold>
    <Profit>62.5</Profit>
  </Sales>
  <Sales>
    <Date>2009-08-10T00:00:00.0000000</Date>
    <Flavor>Mango</Flavor>
    <Inventory>83</Inventory>
    <Sold>11</Sold>
    <Profit>27.5</Profit>
  </Sales>
  <Sales>
    <Date>2009-08-10T00:00:00.0000000</Date>
    <Flavor>Orange Sherbet</Flavor>
    <Inventory>71</Inventory>
    <Sold>20</Sold>
    <Profit>80</Profit>
  </Sales>
  <Sales>
    <Date>2009-08-10T00:00:00.0000000</Date>
    <Flavor>Raspberry </Flavor>
    <Inventory>75</Inventory>
    <Sold>20</Sold>
    <Profit>63</Profit>
  </Sales>
  <Sales>
    <Date>2009-08-10T00:00:00.0000000</Date>
    <Flavor>Strawberry</Flavor>
    <Inventory>82</Inventory>
    <Sold>19</Sold>
    <Profit>52.25</Profit>
  </Sales>
  <Sales>
    <Date>2009-08-10T00:00:00.0000000</Date>
    <Flavor>Vanilla</Flavor>
    <Inventory>87</Inventory>
    <Sold>16</Sold>
    <Profit>64</Profit>
  </Sales>
  <Sales>
    <Date>2009-08-11T00:00:00.0000000</Date>
    <Flavor>Caramel</Flavor>
    <Inventory>50</Inventory>
    <Sold>21</Sold>
    <Profit>65.1</Profit>
  </Sales>
  <Sales>
    <Date>2009-08-11T00:00:00.0000000</Date>
    <Flavor>Cherry</Flavor>
    <Inventory>48</Inventory>
    <Sold>26</Sold>
    <Profit>65</Profit>
  </Sales>
  <Sales>
    <Date>2009-08-11T00:00:00.0000000</Date>
    <Flavor>Chocolate</Flavor>
    <Inventory>60</Inventory>
    <Sold>25</Sold>
    <Profit>85</Profit>
  </Sales>
  <Sales>
    <Date>2009-08-11T00:00:00.0000000</Date>
    <Flavor>Coffee</Flavor>
    <Inventory>65</Inventory>
    <Sold>24</Sold>
    <Profit>64.8</Profit>
  </Sales>
  <Sales>
    <Date>2009-08-11T00:00:00.0000000</Date>
    <Flavor>Lemon Sherbet</Flavor>
    <Inventory>71</Inventory>
    <Sold>19</Sold>
    <Profit>47.5</Profit>
  </Sales>
  <Sales>
    <Date>2009-08-11T00:00:00.0000000</Date>
    <Flavor>Mango</Flavor>
    <Inventory>70</Inventory>
    <Sold>13</Sold>
    <Profit>32.5</Profit>
  </Sales>
  <Sales>
    <Date>2009-08-11T00:00:00.0000000</Date>
    <Flavor>Orange Sherbet</Flavor>
    <Inventory>55</Inventory>
    <Sold>16</Sold>
    <Profit>64</Profit>
  </Sales>
  <Sales>
    <Date>2009-08-11T00:00:00.0000000</Date>
    <Flavor>Raspberry </Flavor>
    <Inventory>59</Inventory>
    <Sold>16</Sold>
    <Profit>50.4</Profit>
  </Sales>
  <Sales>
    <Date>2009-08-11T00:00:00.0000000</Date>
    <Flavor>Strawberry</Flavor>
    <Inventory>71</Inventory>
    <Sold>11</Sold>
    <Profit>30.25</Profit>
  </Sales>
  <Sales>
    <Date>2009-08-11T00:00:00.0000000</Date>
    <Flavor>Vanilla</Flavor>
    <Inventory>72</Inventory>
    <Sold>15</Sold>
    <Profit>60</Profit>
  </Sales>
  <Sales>
    <Date>2009-08-12T00:00:00.0000000</Date>
    <Flavor>Caramel</Flavor>
    <Inventory>33</Inventory>
    <Sold>17</Sold>
    <Profit>52.6999969</Profit>
  </Sales>
  <Sales>
    <Date>2009-08-12T00:00:00.0000000</Date>
    <Flavor>Cherry</Flavor>
    <Inventory>29</Inventory>
    <Sold>19</Sold>
    <Profit>47.5</Profit>
  </Sales>
  <Sales>
    <Date>2009-08-12T00:00:00.0000000</Date>
    <Flavor>Chocolate</Flavor>
    <Inventory>35</Inventory>
    <Sold>25</Sold>
    <Profit>85</Profit>
  </Sales>
  <Sales>
    <Date>2009-08-12T00:00:00.0000000</Date>
    <Flavor>Coffee</Flavor>
    <Inventory>42</Inventory>
    <Sold>23</Sold>
    <Profit>62.1000023</Profit>
  </Sales>
  <Sales>
    <Date>2009-08-12T00:00:00.0000000</Date>
    <Flavor>Lemon Sherbet</Flavor>
    <Inventory>61</Inventory>
    <Sold>10</Sold>
    <Profit>25</Profit>
  </Sales>
  <Sales>
    <Date>2009-08-12T00:00:00.0000000</Date>
    <Flavor>Mango</Flavor>
    <Inventory>55</Inventory>
    <Sold>15</Sold>
    <Profit>37.5</Profit>
  </Sales>
  <Sales>
    <Date>2009-08-12T00:00:00.0000000</Date>
    <Flavor>Orange Sherbet</Flavor>
    <Inventory>43</Inventory>
    <Sold>12</Sold>
    <Profit>48</Profit>
  </Sales>
  <Sales>
    <Date>2009-08-12T00:00:00.0000000</Date>
    <Flavor>Raspberry </Flavor>
    <Inventory>41</Inventory>
    <Sold>18</Sold>
    <Profit>56.7</Profit>
  </Sales>
  <Sales>
    <Date>2009-08-12T00:00:00.0000000</Date>
    <Flavor>Strawberry</Flavor>
    <Inventory>55</Inventory>
    <Sold>16</Sold>
    <Profit>44</Profit>
  </Sales>
  <Sales>
    <Date>2009-08-12T00:00:00.0000000</Date>
    <Flavor>Vanilla</Flavor>
    <Inventory>50</Inventory>
    <Sold>22</Sold>
    <Profit>88</Profit>
  </Sales>
  <Sales>
    <Date>2009-08-13T00:00:00.0000000</Date>
    <Flavor>Caramel</Flavor>
    <Inventory>10</Inventory>
    <Sold>23</Sold>
    <Profit>71.2999954</Profit>
  </Sales>
  <Sales>
    <Date>2009-08-13T00:00:00.0000000</Date>
    <Flavor>Cherry</Flavor>
    <Inventory>9</Inventory>
    <Sold>20</Sold>
    <Profit>50</Profit>
  </Sales>
  <Sales>
    <Date>2009-08-13T00:00:00.0000000</Date>
    <Flavor>Chocolate</Flavor>
    <Inventory>11</Inventory>
    <Sold>24</Sold>
    <Profit>81.6000061</Profit>
  </Sales>
  <Sales>
    <Date>2009-08-13T00:00:00.0000000</Date>
    <Flavor>Coffee</Flavor>
    <Inventory>23</Inventory>
    <Sold>19</Sold>
    <Profit>51.3</Profit>
  </Sales>
  <Sales>
    <Date>2009-08-13T00:00:00.0000000</Date>
    <Flavor>Lemon Sherbet</Flavor>
    <Inventory>40</Inventory>
    <Sold>21</Sold>
    <Profit>52.5</Profit>
  </Sales>
  <Sales>
    <Date>2009-08-13T00:00:00.0000000</Date>
    <Flavor>Mango</Flavor>
    <Inventory>39</Inventory>
    <Sold>16</Sold>
    <Profit>40</Profit>
  </Sales>
  <Sales>
    <Date>2009-08-13T00:00:00.0000000</Date>
    <Flavor>Orange Sherbet</Flavor>
    <Inventory>21</Inventory>
    <Sold>22</Sold>
    <Profit>88</Profit>
  </Sales>
  <Sales>
    <Date>2009-08-13T00:00:00.0000000</Date>
    <Flavor>Raspberry </Flavor>
    <Inventory>19</Inventory>
    <Sold>22</Sold>
    <Profit>69.3</Profit>
  </Sales>
  <Sales>
    <Date>2009-08-13T00:00:00.0000000</Date>
    <Flavor>Strawberry</Flavor>
    <Inventory>31</Inventory>
    <Sold>24</Sold>
    <Profit>66</Profit>
  </Sales>
  <Sales>
    <Date>2009-08-13T00:00:00.0000000</Date>
    <Flavor>Vanilla</Flavor>
    <Inventory>37</Inventory>
    <Sold>13</Sold>
    <Profit>52</Profit>
  </Sales>
  <Sales>
    <Date>2009-08-14T00:00:00.0000000</Date>
    <Flavor>Caramel</Flavor>
    <Inventory>140</Inventory>
    <Sold>15</Sold>
    <Profit>46.5</Profit>
  </Sales>
  <Sales>
    <Date>2009-08-14T00:00:00.0000000</Date>
    <Flavor>Cherry</Flavor>
    <Inventory>143</Inventory>
    <Sold>12</Sold>
    <Profit>30</Profit>
  </Sales>
  <Sales>
    <Date>2009-08-14T00:00:00.0000000</Date>
    <Flavor>Chocolate</Flavor>
    <Inventory>132</Inventory>
    <Sold>23</Sold>
    <Profit>78.2000046</Profit>
  </Sales>
  <Sales>
    <Date>2009-08-14T00:00:00.0000000</Date>
    <Flavor>Coffee</Flavor>
    <Inventory>124</Inventory>
    <Sold>19</Sold>
    <Profit>51.3</Profit>
  </Sales>
  <Sales>
    <Date>2009-08-14T00:00:00.0000000</Date>
    <Flavor>Lemon Sherbet</Flavor>
    <Inventory>110</Inventory>
    <Sold>20</Sold>
    <Profit>50</Profit>
  </Sales>
  <Sales>
    <Date>2009-08-14T00:00:00.0000000</Date>
    <Flavor>Mango</Flavor>
    <Inventory>125</Inventory>
    <Sold>14</Sold>
    <Profit>35</Profit>
  </Sales>
  <Sales>
    <Date>2009-08-14T00:00:00.0000000</Date>
    <Flavor>Orange Sherbet</Flavor>
    <Inventory>128</Inventory>
    <Sold>13</Sold>
    <Profit>52</Profit>
  </Sales>
  <Sales>
    <Date>2009-08-14T00:00:00.0000000</Date>
    <Flavor>Raspberry </Flavor>
    <Inventory>128</Inventory>
    <Sold>11</Sold>
    <Profit>34.65</Profit>
  </Sales>
  <Sales>
    <Date>2009-08-14T00:00:00.0000000</Date>
    <Flavor>Strawberry</Flavor>
    <Inventory>120</Inventory>
    <Sold>16</Sold>
    <Profit>44</Profit>
  </Sales>
  <Sales>
    <Date>2009-08-14T00:00:00.0000000</Date>
    <Flavor>Vanilla</Flavor>
    <Inventory>118</Inventory>
    <Sold>19</Sold>
    <Profit>76</Profit>
  </Sales>
  <Sales>
    <Date>2009-08-15T00:00:00.0000000</Date>
    <Flavor>Caramel</Flavor>
    <Inventory>121</Inventory>
    <Sold>19</Sold>
    <Profit>58.8999977</Profit>
  </Sales>
  <Sales>
    <Date>2009-08-15T00:00:00.0000000</Date>
    <Flavor>Cherry</Flavor>
    <Inventory>122</Inventory>
    <Sold>21</Sold>
    <Profit>52.5</Profit>
  </Sales>
  <Sales>
    <Date>2009-08-15T00:00:00.0000000</Date>
    <Flavor>Chocolate</Flavor>
    <Inventory>120</Inventory>
    <Sold>12</Sold>
    <Profit>40.8000031</Profit>
  </Sales>
  <Sales>
    <Date>2009-08-15T00:00:00.0000000</Date>
    <Flavor>Coffee</Flavor>
    <Inventory>110</Inventory>
    <Sold>14</Sold>
    <Profit>37.8</Profit>
  </Sales>
  <Sales>
    <Date>2009-08-15T00:00:00.0000000</Date>
    <Flavor>Lemon Sherbet</Flavor>
    <Inventory>91</Inventory>
    <Sold>19</Sold>
    <Profit>47.5</Profit>
  </Sales>
  <Sales>
    <Date>2009-08-15T00:00:00.0000000</Date>
    <Flavor>Mango</Flavor>
    <Inventory>112</Inventory>
    <Sold>13</Sold>
    <Profit>32.5</Profit>
  </Sales>
  <Sales>
    <Date>2009-08-15T00:00:00.0000000</Date>
    <Flavor>Orange Sherbet</Flavor>
    <Inventory>110</Inventory>
    <Sold>18</Sold>
    <Profit>72</Profit>
  </Sales>
  <Sales>
    <Date>2009-08-15T00:00:00.0000000</Date>
    <Flavor>Raspberry </Flavor>
    <Inventory>119</Inventory>
    <Sold>9</Sold>
    <Profit>28.35</Profit>
  </Sales>
  <Sales>
    <Date>2009-08-15T00:00:00.0000000</Date>
    <Flavor>Strawberry</Flavor>
    <Inventory>102</Inventory>
    <Sold>18</Sold>
    <Profit>49.5</Profit>
  </Sales>
  <Sales>
    <Date>2009-08-15T00:00:00.0000000</Date>
    <Flavor>Vanilla</Flavor>
    <Inventory>107</Inventory>
    <Sold>11</Sold>
    <Profit>44</Profit>
  </Sales>
  <Sales>
    <Date>2009-08-16T00:00:00.0000000</Date>
    <Flavor>Caramel</Flavor>
    <Inventory>99</Inventory>
    <Sold>22</Sold>
    <Profit>68.2</Profit>
  </Sales>
  <Sales>
    <Date>2009-08-16T00:00:00.0000000</Date>
    <Flavor>Cherry</Flavor>
    <Inventory>97</Inventory>
    <Sold>25</Sold>
    <Profit>62.5</Profit>
  </Sales>
  <Sales>
    <Date>2009-08-16T00:00:00.0000000</Date>
    <Flavor>Chocolate</Flavor>
    <Inventory>95</Inventory>
    <Sold>25</Sold>
    <Profit>85</Profit>
  </Sales>
  <Sales>
    <Date>2009-08-16T00:00:00.0000000</Date>
    <Flavor>Coffee</Flavor>
    <Inventory>99</Inventory>
    <Sold>11</Sold>
    <Profit>29.7</Profit>
  </Sales>
  <Sales>
    <Date>2009-08-16T00:00:00.0000000</Date>
    <Flavor>Lemon Sherbet</Flavor>
    <Inventory>80</Inventory>
    <Sold>11</Sold>
    <Profit>27.5</Profit>
  </Sales>
  <Sales>
    <Date>2009-08-16T00:00:00.0000000</Date>
    <Flavor>Mango</Flavor>
    <Inventory>94</Inventory>
    <Sold>18</Sold>
    <Profit>45</Profit>
  </Sales>
  <Sales>
    <Date>2009-08-16T00:00:00.0000000</Date>
    <Flavor>Orange Sherbet</Flavor>
    <Inventory>91</Inventory>
    <Sold>19</Sold>
    <Profit>76</Profit>
  </Sales>
  <Sales>
    <Date>2009-08-16T00:00:00.0000000</Date>
    <Flavor>Raspberry </Flavor>
    <Inventory>100</Inventory>
    <Sold>19</Sold>
    <Profit>59.8500023</Profit>
  </Sales>
  <Sales>
    <Date>2009-08-16T00:00:00.0000000</Date>
    <Flavor>Strawberry</Flavor>
    <Inventory>87</Inventory>
    <Sold>15</Sold>
    <Profit>41.25</Profit>
  </Sales>
  <Sales>
    <Date>2009-08-16T00:00:00.0000000</Date>
    <Flavor>Vanilla</Flavor>
    <Inventory>88</Inventory>
    <Sold>19</Sold>
    <Profit>76</Profit>
  </Sales>
  <Sales>
    <Date>2009-08-17T00:00:00.0000000</Date>
    <Flavor>Caramel</Flavor>
    <Inventory>71</Inventory>
    <Sold>28</Sold>
    <Profit>86.7999954</Profit>
  </Sales>
  <Sales>
    <Date>2009-08-17T00:00:00.0000000</Date>
    <Flavor>Cherry</Flavor>
    <Inventory>74</Inventory>
    <Sold>23</Sold>
    <Profit>57.5</Profit>
  </Sales>
  <Sales>
    <Date>2009-08-17T00:00:00.0000000</Date>
    <Flavor>Chocolate</Flavor>
    <Inventory>85</Inventory>
    <Sold>10</Sold>
    <Profit>34</Profit>
  </Sales>
  <Sales>
    <Date>2009-08-17T00:00:00.0000000</Date>
    <Flavor>Coffee</Flavor>
    <Inventory>89</Inventory>
    <Sold>10</Sold>
    <Profit>27</Profit>
  </Sales>
  <Sales>
    <Date>2009-08-17T00:00:00.0000000</Date>
    <Flavor>Lemon Sherbet</Flavor>
    <Inventory>67</Inventory>
    <Sold>13</Sold>
    <Profit>32.5</Profit>
  </Sales>
  <Sales>
    <Date>2009-08-17T00:00:00.0000000</Date>
    <Flavor>Mango</Flavor>
    <Inventory>83</Inventory>
    <Sold>11</Sold>
    <Profit>27.5</Profit>
  </Sales>
  <Sales>
    <Date>2009-08-17T00:00:00.0000000</Date>
    <Flavor>Orange Sherbet</Flavor>
    <Inventory>71</Inventory>
    <Sold>20</Sold>
    <Profit>80</Profit>
  </Sales>
  <Sales>
    <Date>2009-08-17T00:00:00.0000000</Date>
    <Flavor>Raspberry </Flavor>
    <Inventory>75</Inventory>
    <Sold>25</Sold>
    <Profit>78.75</Profit>
  </Sales>
  <Sales>
    <Date>2009-08-17T00:00:00.0000000</Date>
    <Flavor>Strawberry</Flavor>
    <Inventory>71</Inventory>
    <Sold>16</Sold>
    <Profit>44</Profit>
  </Sales>
  <Sales>
    <Date>2009-08-17T00:00:00.0000000</Date>
    <Flavor>Vanilla</Flavor>
    <Inventory>79</Inventory>
    <Sold>9</Sold>
    <Profit>36</Profit>
  </Sales>
  <Sales>
    <Date>2009-08-18T00:00:00.0000000</Date>
    <Flavor>Caramel</Flavor>
    <Inventory>50</Inventory>
    <Sold>21</Sold>
    <Profit>65.1</Profit>
  </Sales>
  <Sales>
    <Date>2009-08-18T00:00:00.0000000</Date>
    <Flavor>Cherry</Flavor>
    <Inventory>48</Inventory>
    <Sold>26</Sold>
    <Profit>65</Profit>
  </Sales>
  <Sales>
    <Date>2009-08-18T00:00:00.0000000</Date>
    <Flavor>Chocolate</Flavor>
    <Inventory>60</Inventory>
    <Sold>25</Sold>
    <Profit>85</Profit>
  </Sales>
  <Sales>
    <Date>2009-08-18T00:00:00.0000000</Date>
    <Flavor>Coffee</Flavor>
    <Inventory>65</Inventory>
    <Sold>24</Sold>
    <Profit>64.8</Profit>
  </Sales>
  <Sales>
    <Date>2009-08-18T00:00:00.0000000</Date>
    <Flavor>Lemon Sherbet</Flavor>
    <Inventory>50</Inventory>
    <Sold>17</Sold>
    <Profit>42.5</Profit>
  </Sales>
  <Sales>
    <Date>2009-08-18T00:00:00.0000000</Date>
    <Flavor>Mango</Flavor>
    <Inventory>70</Inventory>
    <Sold>13</Sold>
    <Profit>32.5</Profit>
  </Sales>
  <Sales>
    <Date>2009-08-18T00:00:00.0000000</Date>
    <Flavor>Orange Sherbet</Flavor>
    <Inventory>55</Inventory>
    <Sold>16</Sold>
    <Profit>64</Profit>
  </Sales>
  <Sales>
    <Date>2009-08-18T00:00:00.0000000</Date>
    <Flavor>Raspberry </Flavor>
    <Inventory>59</Inventory>
    <Sold>16</Sold>
    <Profit>50.4</Profit>
  </Sales>
  <Sales>
    <Date>2009-08-18T00:00:00.0000000</Date>
    <Flavor>Strawberry</Flavor>
    <Inventory>53</Inventory>
    <Sold>18</Sold>
    <Profit>49.5</Profit>
  </Sales>
  <Sales>
    <Date>2009-08-18T00:00:00.0000000</Date>
    <Flavor>Vanilla</Flavor>
    <Inventory>65</Inventory>
    <Sold>14</Sold>
    <Profit>56</Profit>
  </Sales>
  <Sales>
    <Date>2009-08-19T00:00:00.0000000</Date>
    <Flavor>Caramel</Flavor>
    <Inventory>33</Inventory>
    <Sold>17</Sold>
    <Profit>52.6999969</Profit>
  </Sales>
  <Sales>
    <Date>2009-08-19T00:00:00.0000000</Date>
    <Flavor>Cherry</Flavor>
    <Inventory>29</Inventory>
    <Sold>19</Sold>
    <Profit>47.5</Profit>
  </Sales>
  <Sales>
    <Date>2009-08-19T00:00:00.0000000</Date>
    <Flavor>Chocolate</Flavor>
    <Inventory>35</Inventory>
    <Sold>25</Sold>
    <Profit>85</Profit>
  </Sales>
  <Sales>
    <Date>2009-08-19T00:00:00.0000000</Date>
    <Flavor>Coffee</Flavor>
    <Inventory>42</Inventory>
    <Sold>23</Sold>
    <Profit>62.1000023</Profit>
  </Sales>
  <Sales>
    <Date>2009-08-19T00:00:00.0000000</Date>
    <Flavor>Lemon Sherbet</Flavor>
    <Inventory>38</Inventory>
    <Sold>12</Sold>
    <Profit>30</Profit>
  </Sales>
  <Sales>
    <Date>2009-08-19T00:00:00.0000000</Date>
    <Flavor>Mango</Flavor>
    <Inventory>55</Inventory>
    <Sold>15</Sold>
    <Profit>37.5</Profit>
  </Sales>
  <Sales>
    <Date>2009-08-19T00:00:00.0000000</Date>
    <Flavor>Orange Sherbet</Flavor>
    <Inventory>43</Inventory>
    <Sold>12</Sold>
    <Profit>48</Profit>
  </Sales>
  <Sales>
    <Date>2009-08-19T00:00:00.0000000</Date>
    <Flavor>Raspberry </Flavor>
    <Inventory>41</Inventory>
    <Sold>18</Sold>
    <Profit>56.7</Profit>
  </Sales>
  <Sales>
    <Date>2009-08-19T00:00:00.0000000</Date>
    <Flavor>Strawberry</Flavor>
    <Inventory>42</Inventory>
    <Sold>11</Sold>
    <Profit>30.25</Profit>
  </Sales>
  <Sales>
    <Date>2009-08-19T00:00:00.0000000</Date>
    <Flavor>Vanilla</Flavor>
    <Inventory>49</Inventory>
    <Sold>16</Sold>
    <Profit>64</Profit>
  </Sales>
  <Sales>
    <Date>2009-08-20T00:00:00.0000000</Date>
    <Flavor>Caramel</Flavor>
    <Inventory>10</Inventory>
    <Sold>23</Sold>
    <Profit>71.2999954</Profit>
  </Sales>
  <Sales>
    <Date>2009-08-20T00:00:00.0000000</Date>
    <Flavor>Cherry</Flavor>
    <Inventory>9</Inventory>
    <Sold>20</Sold>
    <Profit>50</Profit>
  </Sales>
  <Sales>
    <Date>2009-08-20T00:00:00.0000000</Date>
    <Flavor>Chocolate</Flavor>
    <Inventory>11</Inventory>
    <Sold>24</Sold>
    <Profit>81.6000061</Profit>
  </Sales>
  <Sales>
    <Date>2009-08-20T00:00:00.0000000</Date>
    <Flavor>Coffee</Flavor>
    <Inventory>23</Inventory>
    <Sold>19</Sold>
    <Profit>51.3</Profit>
  </Sales>
  <Sales>
    <Date>2009-08-20T00:00:00.0000000</Date>
    <Flavor>Lemon Sherbet</Flavor>
    <Inventory>21</Inventory>
    <Sold>17</Sold>
    <Profit>42.5</Profit>
  </Sales>
  <Sales>
    <Date>2009-08-20T00:00:00.0000000</Date>
    <Flavor>Mango</Flavor>
    <Inventory>39</Inventory>
    <Sold>16</Sold>
    <Profit>40</Profit>
  </Sales>
  <Sales>
    <Date>2009-08-20T00:00:00.0000000</Date>
    <Flavor>Orange Sherbet</Flavor>
    <Inventory>21</Inventory>
    <Sold>22</Sold>
    <Profit>88</Profit>
  </Sales>
  <Sales>
    <Date>2009-08-20T00:00:00.0000000</Date>
    <Flavor>Raspberry </Flavor>
    <Inventory>19</Inventory>
    <Sold>22</Sold>
    <Profit>69.3</Profit>
  </Sales>
  <Sales>
    <Date>2009-08-20T00:00:00.0000000</Date>
    <Flavor>Strawberry</Flavor>
    <Inventory>31</Inventory>
    <Sold>11</Sold>
    <Profit>30.25</Profit>
  </Sales>
  <Sales>
    <Date>2009-08-20T00:00:00.0000000</Date>
    <Flavor>Vanilla</Flavor>
    <Inventory>37</Inventory>
    <Sold>12</Sold>
    <Profit>48</Profit>
  </Sales>
  <Sales>
    <Date>2009-08-21T00:00:00.0000000</Date>
    <Flavor>Caramel</Flavor>
    <Inventory>134</Inventory>
    <Sold>16</Sold>
    <Profit>49.6</Profit>
  </Sales>
  <Sales>
    <Date>2009-08-21T00:00:00.0000000</Date>
    <Flavor>Cherry</Flavor>
    <Inventory>133</Inventory>
    <Sold>16</Sold>
    <Profit>40</Profit>
  </Sales>
  <Sales>
    <Date>2009-08-21T00:00:00.0000000</Date>
    <Flavor>Chocolate</Flavor>
    <Inventory>122</Inventory>
    <Sold>24</Sold>
    <Profit>81.6000061</Profit>
  </Sales>
  <Sales>
    <Date>2009-08-21T00:00:00.0000000</Date>
    <Flavor>Coffee</Flavor>
    <Inventory>103</Inventory>
    <Sold>20</Sold>
    <Profit>54</Profit>
  </Sales>
  <Sales>
    <Date>2009-08-21T00:00:00.0000000</Date>
    <Flavor>Lemon Sherbet</Flavor>
    <Inventory>89</Inventory>
    <Sold>12</Sold>
    <Profit>30</Profit>
  </Sales>
  <Sales>
    <Date>2009-08-21T00:00:00.0000000</Date>
    <Flavor>Mango</Flavor>
    <Inventory>95</Inventory>
    <Sold>14</Sold>
    <Profit>35</Profit>
  </Sales>
  <Sales>
    <Date>2009-08-21T00:00:00.0000000</Date>
    <Flavor>Orange Sherbet</Flavor>
    <Inventory>117</Inventory>
    <Sold>14</Sold>
    <Profit>56</Profit>
  </Sales>
  <Sales>
    <Date>2009-08-21T00:00:00.0000000</Date>
    <Flavor>Raspberry </Flavor>
    <Inventory>115</Inventory>
    <Sold>14</Sold>
    <Profit>44.1000023</Profit>
  </Sales>
  <Sales>
    <Date>2009-08-21T00:00:00.0000000</Date>
    <Flavor>Strawberry</Flavor>
    <Inventory>94</Inventory>
    <Sold>22</Sold>
    <Profit>60.5</Profit>
  </Sales>
  <Sales>
    <Date>2009-08-21T00:00:00.0000000</Date>
    <Flavor>Vanilla</Flavor>
    <Inventory>96</Inventory>
    <Sold>11</Sold>
    <Profit>44</Profit>
  </Sales>
  <Sales>
    <Date>2009-08-22T00:00:00.0000000</Date>
    <Flavor>Caramel</Flavor>
    <Inventory>111</Inventory>
    <Sold>23</Sold>
    <Profit>71.2999954</Profit>
  </Sales>
  <Sales>
    <Date>2009-08-22T00:00:00.0000000</Date>
    <Flavor>Cherry</Flavor>
    <Inventory>112</Inventory>
    <Sold>21</Sold>
    <Profit>52.5</Profit>
  </Sales>
  <Sales>
    <Date>2009-08-22T00:00:00.0000000</Date>
    <Flavor>Chocolate</Flavor>
    <Inventory>108</Inventory>
    <Sold>14</Sold>
    <Profit>47.6000023</Profit>
  </Sales>
  <Sales>
    <Date>2009-08-22T00:00:00.0000000</Date>
    <Flavor>Coffee</Flavor>
    <Inventory>87</Inventory>
    <Sold>16</Sold>
    <Profit>43.2</Profit>
  </Sales>
  <Sales>
    <Date>2009-08-22T00:00:00.0000000</Date>
    <Flavor>Lemon Sherbet</Flavor>
    <Inventory>69</Inventory>
    <Sold>20</Sold>
    <Profit>50</Profit>
  </Sales>
  <Sales>
    <Date>2009-08-22T00:00:00.0000000</Date>
    <Flavor>Mango</Flavor>
    <Inventory>80</Inventory>
    <Sold>15</Sold>
    <Profit>37.5</Profit>
  </Sales>
  <Sales>
    <Date>2009-08-22T00:00:00.0000000</Date>
    <Flavor>Orange Sherbet</Flavor>
    <Inventory>104</Inventory>
    <Sold>13</Sold>
    <Profit>52</Profit>
  </Sales>
  <Sales>
    <Date>2009-08-22T00:00:00.0000000</Date>
    <Flavor>Raspberry </Flavor>
    <Inventory>98</Inventory>
    <Sold>17</Sold>
    <Profit>53.5500031</Profit>
  </Sales>
  <Sales>
    <Date>2009-08-22T00:00:00.0000000</Date>
    <Flavor>Strawberry</Flavor>
    <Inventory>80</Inventory>
    <Sold>14</Sold>
    <Profit>38.5</Profit>
  </Sales>
  <Sales>
    <Date>2009-08-22T00:00:00.0000000</Date>
    <Flavor>Vanilla</Flavor>
    <Inventory>83</Inventory>
    <Sold>13</Sold>
    <Profit>52</Profit>
  </Sales>
</OperationsBaseData>